,tweet_id,retweet_count,favourite_count
0,892420643555336193,7012,33832
1,892177421306343426,5302,29347
2,891815181378084864,3483,22069
3,891689557279858688,7229,36959
4,891327558926688256,7768,35332
5,891087950875897856,2602,17820
6,890971913173991426,1667,10372
7,890729181411237888,15766,56898
8,890609185150312448,3625,24540
9,890240255349198849,6103,27980
10,890006608113172480,6154,27056
11,889880896479866881,4168,24581
12,889665388333682689,8353,42079
13,889638837579907072,3719,23695
14,889531135344209921,1884,13358
15,889278841981685760,4448,22136
16,888917238123831296,3766,25654
17,888804989199671297,3539,22487
18,888554962724278272,2879,17327
19,888078434458587136,2897,19161
20,887705289381826560,4538,26642
21,887517139158093824,9857,40749
22,887473957103951883,15036,60225
23,887343217045368832,8815,29609
24,887101392804085760,4994,26996
25,886983233522544640,6322,30404
26,886736880519319552,2633,10504
27,886680336477933568,3738,19750
28,886366144734445568,2631,18557
29,886267009285017600,4,105
30,886258384151887873,5293,24543
31,886054160059072513,93,0
32,885984800019947520,5618,28625
33,885528943205470208,5332,31617
34,885518971528720385,3108,18021
35,885311592912609280,15448,0
36,885167619883638784,3671,19271
37,884925521741709313,15035,67324
38,884876753390489601,4675,24399
39,884562892145688576,3913,21339
40,884441805382717440,4793,23872
41,884247878851493888,16932,63357
42,884162670584377345,2506,17952
43,883838122936631299,2865,19189
44,883482846933004288,8276,40230
45,883360690899218434,3084,19961
46,883117836046086144,5540,32529
47,882992080364220416,3248,20997
48,882762694511734784,4099,24814
49,882627270321602560,5067,24614
50,882268110199369728,9639,39221
51,882045870035918850,4084,25746
52,881906580714921986,2856,21454
53,881666595344535552,8965,44581
54,881633300179243008,8,113
55,881536004380872706,13406,43476
56,881268444196462592,4495,20497
57,880935762899988482,2333,15062
58,880872448815771648,3200,18722
59,880465832366813184,5217,25039
60,880221127280381952,3468,23682
61,880095782870896641,3655,24350
62,879862464715927552,2930,19720
63,879674319642796034,9,282
64,879492040517615616,2628,20717
65,879415818425184262,37469,92927
66,879376492567855104,2651,14870
67,879130579576475649,5746,0
68,879050749262655488,3958,19821
69,879008229531029506,2244,16793
70,878776093423087618,3437,17146
71,878604707211726852,5932,26448
72,878404777348136964,1078,0
73,878316110768087041,5531,0
74,878281511006478336,1078,6783
75,878057613040115712,5746,37167
76,877736472329191424,15820,69346
77,877611172832227328,70,0
78,877556246731214848,3171,19913
79,877316821321428993,4348,24167
80,877201837425926144,4630,23881
81,876838120628539392,2806,18227
82,876537666061221889,3975,21057
83,876484053909872640,2003,16577
84,876120275196170240,3905,24702
85,875747767867523072,3584,22128
86,875144289856114688,4159,19426
87,875097192612077568,5119,24257
88,875021211251597312,3974,22565
89,874680097055178752,3920,24617
90,874434818259525634,12221,0
91,874296783580663808,3483,22980
92,874057562936811520,3379,20129
93,874012996292530176,8599,30140
94,873580283840344065,3344,21392
95,873337748698140672,1332,0
96,873213775632977920,1332,6325
97,872967104147763200,4565,24093
98,872820683541237760,3168,13081
99,872620804844003328,3068,18333
100,872486979161796608,7722,36119
101,872122724285648897,6833,30245
102,871879754684805121,9254,33131
103,871762521631449091,2971,17903
104,871515927908634625,2943,17898
105,871166179821445120,4895,0
106,871102520638267392,4686,18561
107,871032628920680449,3227,20170
108,870804317367881728,5286,29822
109,870726314365509632,3,105
110,870656317836468226,2211,10901
111,870374049280663552,22764,73999
112,870308999962521604,3551,19494
113,870063196459192321,7081,32437
114,869772420881756160,8701,38020
115,869702957897576449,5388,25084
116,869596645499047938,2640,14222
117,869227993411051520,3201,18138
118,868880397819494401,12268,58027
119,868639477480148993,1754,0
120,868622495443632128,4476,23656
121,868552278524837888,1754,8974
122,867900495410671616,3576,21619
123,867774946302451713,6258,30290
124,867421006826221569,2118,14359
125,867072653475098625,101,0
126,867051520902168576,6792,28733
127,866720684873056260,4133,17885
128,866686824827068416,2973,17144
129,866450705531457537,30229,108972
130,866334964761202691,12221,46656
131,866094527597207552,7175,0
132,865718153858494464,4855,22950
133,865359393868664832,4295,23628
134,865006731092295680,6680,25059
135,864873206498414592,7498,28884
136,864279568663928832,2585,13081
137,864197398364647424,7596,26660
138,863907417377173506,3594,18459
139,863553081350529029,3637,13692
140,863471782782697472,2092,0
141,863432100342583297,4561,21329
142,863427515083354112,80,1962
143,863079547188785154,953,7911
144,863062471531167744,2092,7531
145,862831371563274240,4461,17228
146,862722525377298433,3091,15349
147,862457590147678208,4260,18293
148,862096992088072192,20021,66364
149,861383897657036800,9275,32319
150,861288531465048066,3596,15364
151,861005113778896900,3342,15003
152,860981674716409858,1858,0
153,860924035999428608,679,0
154,860563773140209665,1858,6732
155,860524505164394496,4610,21279
156,860276583193509888,3076,16600
157,860184849394610176,5129,15030
158,860177593139703809,26781,0
159,859924526012018688,3587,17657
160,859851578198683649,3073,13987
161,859607811541651456,1366,16849
162,859196978902773760,26307,80631
163,859074603037188101,11982,30466
164,858860390427611136,7092,0
165,858843525470990336,3029,14138
166,858471635011153920,4268,19511
167,858107933456039936,2540,14254
168,857989990357356544,2270,14505
169,857746408056729600,9360,30845
170,857393404942143489,1444,5315
171,857263160327368704,3986,18271
172,857214891891077121,16,204
173,857062103051644929,148,0
174,857029823797047296,3494,17067
175,856543823941562368,2551,14851
176,856526610513747968,1655,10836
177,856288084350160898,15,488
178,856282028240666624,5586,25268
179,855862651834028034,21,303
180,855860136149123072,853,4414
181,855857698524602368,1864,10870
182,855851453814013952,16147,41935
183,855818117272018944,4821,24303
184,855459453768019968,7315,27136
185,855245323840757760,5276,0
186,855138241867124737,36,0
187,854732716440526848,5363,20714
188,854482394044301312,6036,26622
189,854365224396361728,4160,17224
190,854120357044912130,6602,29272
191,854010172552949760,2797,14848
192,853760880890318849,5118,26120
193,853639147608842240,8894,31600
194,853299958564483072,3174,14187
195,852936405516943360,1790,0
196,852912242202992640,1602,8267
197,852672615818899456,1916,13663
198,852553447878664193,3125,14920
199,852311364735569921,8892,30397
200,852226086759018497,6104,18374
201,852189679701164033,1420,10580
202,851591660324737024,3129,14981
203,851464819735769094,6324,22297
204,851224888060895234,5180,19078
205,850753642995093505,8098,28192
206,850380195714523136,2335,12098
207,850333567704068097,301,3196
208,850145622816686080,3402,15072
209,850019790995546112,4383,18809
210,849776966551130114,6835,27957
211,849668094696017920,4455,0
212,849412302885593088,2836,14694
213,849336543269576704,1695,10576
214,849051919805034497,7645,39075
215,848690551926992896,3933,23310
216,848324959059550208,4168,22871
217,848213670039564288,646,7547
218,848212111729840128,2721,15057
219,847978865427394560,2929,0
220,847971574464610304,396,0
221,847962785489326080,4588,21766
222,847842811428974592,1193,5022
223,847617282490613760,376,6476
224,847606175596138505,3097,17379
225,847251039262605312,3925,19007
226,847157206088847362,5265,18408
227,847116187444137987,2882,19901
228,846874817362120707,3556,18658
229,846514051647705089,10411,41289
230,846505985330044928,2766,13096
231,846153765933735936,8192,29153
232,846139713627017216,9182,28864
233,846042936437604353,2595,14845
234,845812042753855489,7886,27083
235,845677943972139009,4390,23483
236,845397057150107648,1622,7100
237,845306882940190720,4872,21665
238,845098359547420673,6955,0
239,844979544864018432,2318,12700
240,844973813909606400,2863,13958
241,844580511645339650,2823,15312
242,844223788422217728,1994,12724
243,843981021012017153,2704,14155
244,843856843873095681,4177,20001
245,843604394117681152,2486,15742
246,843235543001513987,5431,20010
247,842846295480000512,3319,14243
248,842765311967449089,1177,6306
249,842535590457499648,3191,16954
250,842163532590374912,5276,22781
251,842115215311396866,2764,13062
252,841833993020538882,13609,0
253,841680585030541313,7174,24078
254,841439858740625411,3341,11763
255,841320156043304961,5031,18451
256,841314665196081154,4247,14778
257,841077006473256960,4895,21379
258,840761248237133825,1622,0
259,840728873075638272,14628,0
260,840698636975636481,2,165
261,840696689258311684,892,11506
262,840632337062862849,1622,8443
263,840370681858686976,4188,15364
264,840268004936019968,5235,17942
265,839990271299457024,2075,12561
266,839549326359670784,7092,25637
267,839290600511926273,133,0
268,839239871831150596,5958,25281
269,838952994649550848,3668,18411
270,838921590096166913,1859,10441
271,838916489579200512,31,0
272,838831947270979586,10061,0
273,838561493054533637,1234,10268
274,838476387338051585,4356,21021
275,838201503651401729,9229,0
276,838150277551247360,304,1571
277,838085839343206401,1,133
278,838083903487373313,2851,16502
279,837820167694528512,7175,31896
280,837482249356513284,409,3617
281,837471256429613056,2065,12005
282,837110210464448512,2186,15078
283,836989968035819520,2122,11980
284,836753516572119041,4272,18169
285,836677758902222849,2028,11866
286,836648853927522308,509,0
287,836397794269200385,25150,0
288,836380477523124226,2750,13928
289,836260088725786625,3989,19997
290,836001077879255040,3903,17938
291,835685285446955009,7443,0
292,835574547218894849,3308,16693
293,835536468978302976,1548,0
294,835309094223372289,19218,0
295,835297930240217089,2748,15464
296,835264098648616962,1548,7251
297,835246439529840640,63,1991
298,835172783151792128,5311,24623
299,835152434251116546,2765,20990
300,834931633769889797,1496,10127
301,834786237630337024,5119,20260
302,834574053763584002,2320,12838
303,834477809192075265,9796,0
304,834458053273591808,1553,9049
305,834209720923721728,4342,19295
306,834167344700198914,3372,14865
307,834089966724603904,1970,9466
308,834086379323871233,2045,12269
309,833863086058651648,2216,12650
310,833826103416520705,3495,17104
311,833732339549220864,205,0
312,833722901757046785,3006,19725
313,833479644947025920,1896,14040
314,833124694597443584,4455,19024
315,832998151111966721,2026,12461
316,832769181346996225,38,0
317,832757312314028032,3329,15873
318,832682457690300417,2670,11166
319,832645525019123713,485,2745
320,832636094638288896,2570,14941
321,832397543355072512,2040,11264
322,832369877331693569,2929,16112
323,832273440279240704,2150,10669
324,832215909146226688,5739,0
325,832215726631055365,8603,0
326,832088576586297345,2,59
327,832040443403784192,8845,0
328,832032802820481025,4309,16799
329,831939777352105988,5669,22507
330,831926988323639298,34,319
331,831911600680497154,5994,25892
332,831670449226514432,1690,9812
333,831650051525054464,1790,6697
334,831552930092285952,2165,8473
335,831322785565769729,1447,8764
336,831315979191906304,1040,6183
337,831309418084069378,2274,11111
338,831262627380748289,1895,11191
339,830956169170665475,1379,7527
340,830583320585068544,15448,62559
341,830173239259324417,5255,0
342,830097400375152640,2707,9184
343,829878982036299777,4618,0
344,829861396166877184,1797,11547
345,829501995190984704,9796,29937
346,829449946868879360,1864,9897
347,829141528400556032,6787,22924
348,829011960981237760,15141,50345
349,828801551087042563,3169,0
350,828770345708580865,5408,24140
351,828708714936930305,10353,34315
352,828650029636317184,1244,8971
353,828409743546925057,1082,6052
354,828408677031882754,1189,7263
355,828381636999917570,2065,11890
356,828376505180889089,996,6991
357,828372645993398273,2730,11883
358,828361771580813312,165,2073
359,828046555563323392,2660,11070
360,828011680017821696,2000,9787
361,827933404142436356,4844,18882
362,827653905312006145,2798,14612
363,827600520311402496,865,7065
364,827324948884643840,2812,14968
365,827199976799354881,2064,10013
366,826958653328592898,4618,20345
367,826848821049180160,9357,34084
368,826615380357632002,3687,0
369,826598799820865537,230,4867
370,826598365270007810,2183,9460
371,826476773533745153,3896,17396
372,826240494070030336,2424,12543
373,826204788643753985,856,4602
374,826115272272650244,2875,14755
375,825876512159186944,1738,9931
376,825829644528148480,2338,12034
377,825535076884762624,16368,54018
378,825147591692263424,4191,17278
379,825120256414846976,1168,0
380,825026590719483904,1168,5914
381,824796380199809024,5108,0
382,824775126675836928,3278,14074
383,824663926340194305,1649,9947
384,824325613288833024,9899,11193
385,824297048279236611,3572,14239
386,824025158776213504,558,4582
387,823939628516474880,2541,10065
388,823719002937630720,10373,0
389,823699002998870016,2336,13223
390,823581115634085888,2448,12281
391,823333489516937216,22,662
392,823322678127919110,3720,14841
393,823269594223824897,9242,0
394,822975315408461824,3200,16385
395,822872901745569793,39954,124182
396,822859134160621569,2111,12468
397,822647212903690241,5959,0
398,822610361945911296,2736,13986
399,822489057087389700,5959,17135
400,822462944365645825,13164,26332
401,822244816520155136,9242,33136
402,822163064745328640,4385,0
403,821886076407029760,2144,10686
404,821813639212650496,3127,0
405,821765923262631936,1557,7912
406,821522889702862852,1633,7576
407,821421320206483457,5131,0
408,821407182352777218,3996,11111
409,821153421864615936,9,236
410,821149554670182400,1826,8116
411,821107785811234820,1976,9080
412,821044531881721856,2127,11970
413,820837357901512704,6247,0
414,820749716845686786,9229,29863
415,820690176645140481,3004,11595
416,820494788566847489,523,0
417,820446719150292993,2398,0
418,820314633777061888,523,3163
419,820078625395449857,5798,18671
420,820013781606658049,1082,0
421,819952236453363712,1082,5019
422,819924195358416896,4551,12245
423,819711362133872643,2878,12631
424,819588359383371776,1870,9166
425,819347104292290561,1117,6850
426,819238181065359361,379,2141
427,819227688460238848,6247,21810
428,819015337530290176,34568,0
429,819015331746349057,17810,0
430,819006400881917954,17811,43064
431,819004803107983360,34568,82742
432,818646164899774465,19467,0
433,818627210458333184,7064,21246
434,818614493328580609,2356,9310
435,818588835076603904,5702,0
436,818536468981415936,2274,10282
437,818307523543449600,7470,0
438,818259473185828864,2090,10428
439,818145370475810820,2371,11624
440,817908911860748288,741,4611
441,817827839487737858,25150,48682
442,817777686764523521,2522,10233
443,817536400337801217,2732,11134
444,817502432452313088,3146,0
445,817423860136083457,13609,31894
446,817415592588222464,890,5301
447,817181837579653120,7876,0
448,817171292965273600,1871,8317
449,817120970343411712,2415,11554
450,817056546584727552,1519,8146
451,816829038950027264,4396,0
452,816816676327063552,1898,9488
453,816697700272001025,2059,9251
454,816091915477250048,1992,8487
455,816062466425819140,944,0
456,816014286006976512,4889,0
457,815990720817401858,944,4693
458,815966073409433600,7876,21152
459,815745968457060357,3863,0
460,815736392542261248,2123,9313
461,815639385530101762,1556,7829
462,815390420867969024,3574,9833
463,814986499976527872,1187,7259
464,814638523311648768,2527,10699
465,814578408554463233,5465,0
466,814530161257443328,1742,8222
467,814153002265309185,8116,27283
468,813944609378369540,2960,0
469,813910438903693312,1735,8860
470,813812741911748608,13044,34660
471,813800681631023104,1650,7886
472,813217897535406080,6852,17705
473,813202720496779264,1706,8774
474,813187593374461952,4048,18850
475,813172488309972993,1809,8816
476,813157409116065792,2066,7387
477,813142292504645637,2245,8091
478,813130366689148928,418,4265
479,813127251579564032,2924,11220
480,813112105746448384,2571,9800
481,813096984823349248,3391,10046
482,813081950185472002,2598,9426
483,813066809284972545,1830,7547
484,813051746834595840,6866,19931
485,812781120811126785,1787,7160
486,812709060537683968,1354,6296
487,812503143955202048,1148,5746
488,812466873996607488,1802,7576
489,812372279581671427,3428,12947
490,811985624773361665,1312,6922
491,811744202451197953,1479,7163
492,811647686436880384,682,5322
493,811627233043480576,2856,12086
494,811386762094317568,5990,19890
495,810984652412424192,1335,5061
496,810896069567610880,1646,8552
497,810657578271330305,2471,10435
498,810284430598270976,10504,33349
499,810254108431155201,3169,13989
500,809920764300447744,3687,14795
501,809808892968534016,4584,0
502,809448704142938112,1371,6611
503,809220051211603969,5255,18909
504,809084759137812480,3307,12577
505,808838249661788160,2868,9648
506,808733504066486276,2034,7514
507,808501579447930884,2456,10766
508,808344865868283904,19467,40252
509,808134635716833280,5527,0
510,808106460588765185,2071,8396
511,808001312164028416,3318,11864
512,807621403335917568,3394,13871
513,807106840509214720,51725,111759
514,807059379405148160,6900,0
515,807010152071229440,3638,12488
516,806629075125202948,32419,70690
517,806620845233815552,5150,0
518,806576416489959424,1827,4664
519,806542213899489280,2219,9746
520,806242860592926720,10897,0
521,806219024703037440,1134,6142
522,805826884734976000,1717,6247
523,805823200554876929,7487,0
524,805520635690676224,1552,5489
525,805487436403003392,2382,8359
526,805207613751304193,1629,7488
527,804738756058218496,3604,13003
528,804475857670639616,1893,5850
529,804413760345620481,3014,0
530,804026241225523202,15072,42109
531,803773340896923648,2591,9570
532,803692223237865472,6934,0
533,803638050916102144,3887,10392
534,803380650405482500,1770,7402
535,803321560782307329,4965,0
536,803276597545603072,2301,9565
537,802952499103731712,1875,8586
538,802624713319034886,2729,0
539,802600418706604034,1385,6773
540,802572683846291456,2361,8528
541,802323869084381190,5489,15357
542,802265048156610565,1299,6626
543,802239329049477120,2461,8658
544,802185808107208704,251,0
545,801958328846974976,1599,7367
546,801854953262350336,219,1726
547,801538201127157760,1954,7827
548,801285448605831168,773,5748
549,801167903437357056,5527,23201
550,801127390143516673,3704,0
551,801115127852503040,1986,7684
552,800859414831898624,91,647
553,800855607700029440,1520,0
554,800751577355128832,2639,10098
555,800513324630806528,2834,12511
556,800459316964663297,2063,9053
557,800443802682937345,4030,0
558,800388270626521089,2638,10631
559,800188575492947969,3697,0
560,800141422401830912,2398,14529
561,800018252395122689,12338,26939
562,799774291445383169,4376,0
563,799757965289017345,2005,7986
564,799422933579902976,1801,7694
565,799308762079035393,5095,0
566,799297110730567681,2569,9400
567,799063482566066176,2342,7700
568,798933969379225600,4163,12439
569,798925684722855936,1363,7164
570,798705661114773508,6226,0
571,798701998996647937,7258,0
572,798697898615730177,6104,0
573,798694562394996736,4646,0
574,798686750113755136,2181,0
575,798682547630837760,4438,0
576,798673117451325440,5229,0
577,798665375516884993,3679,0
578,798644042770751489,1747,0
579,798628517273620480,1867,0
580,798585098161549313,5279,0
581,798576900688019456,5492,0
582,798340744599797760,3144,0
583,798209839306514432,2425,9933
584,797971864723324932,2893,10970
585,797545162159308800,4625,13893
586,797236660651966464,6169,18955
587,797165961484890113,24,214
588,796904159865868288,8360,0
589,796865951799083009,1830,7322
590,796759840936919040,2840,11221
591,796563435802726400,6755,0
592,796484825502875648,1654,7195
593,796387464403357696,3895,10473
594,796177847564038144,13393,0
595,796149749086875649,13393,30560
596,796125600683540480,1686,4740
597,796116448414461957,2256,8652
598,796080075804475393,2172,8031
599,796031486298386433,3508,10284
600,795464331001561088,22007,46861
601,795400264262053889,2688,9525
602,795076730285391872,5108,15357
603,794983741416415232,3163,0
604,794926597468000259,2165,9696
605,794355576146903043,9676,0
606,794332329137291264,2541,9144
607,794205286408003585,3117,8782
608,793962221541933056,4584,15922
609,793845145112371200,1750,8783
610,793614319594401792,2932,0
611,793601777308463104,1519,7590
612,793500921481273345,2237,10138
613,793286476301799424,8603,23372
614,793271401113350145,2250,8262
615,793256262322548741,7817,18959
616,793241302385262592,3082,10004
617,793226087023144960,2721,9293
618,793210959003287553,2614,8489
619,793195938047070209,5283,14470
620,793180763617361921,1867,6575
621,793165685325201412,2632,8913
622,793150605191548928,1598,5861
623,793135492858580992,2364,6092
624,793120401413079041,3693,12044
625,792913359805018113,3719,13617
626,792883833364439040,4009,10726
627,792773781206999040,1575,7007
628,792394556390137856,4020,12732
629,792050063153438720,1674,6786
630,791821351946420224,19741,0
631,791784077045166082,8919,0
632,791780927877898241,3563,0
633,791774931465953280,20797,42819
634,791672322847637504,2932,11164
635,791406955684368384,3863,12498
636,791312159183634433,2369,8330
637,791026214425268224,3823,0
638,790987426131050500,1992,9317
639,790946055508652032,4396,15879
640,790723298204217344,2149,0
641,790698755171364864,1809,7810
642,790581949425475584,6657,19593
643,790337589677002753,1770,7426
644,790277117346975746,2960,11919
645,790227638568808452,3317,0
646,789986466051088384,2149,8813
647,789960241177853952,3843,0
648,789903600034189313,3889,9801
649,789628658055020548,1652,7089
650,789599242079838210,1798,6390
651,789530877013393408,3163,11098
652,789314372632018944,2141,8204
653,789280767834746880,4596,0
654,789268448748703744,2450,8674
655,789137962068021249,2611,9236
656,788908386943430656,11725,26102
657,788765914992902144,9676,25938
658,788552643979468800,6673,0
659,788412144018661376,4934,14745
660,788178268662984705,1982,6912
661,788150585577050112,1202,5807
662,788070120937619456,3218,0
663,788039637453406209,1231,5804
664,787810552592695296,2844,8163
665,787717603741622272,2589,9718
666,787397959788929025,2670,10345
667,787322443945877504,1628,7408
668,787111942498508800,6303,0
669,786963064373534720,7443,25311
670,786729988674449408,2277,0
671,786709082849828864,5739,17385
672,786664955043049472,2368,10061
673,786595970293370880,2924,8993
674,786363235746385920,3223,10293
675,786286427768250368,2652,7568
676,786233965241827333,4385,14424
677,786051337297522688,148,1355
678,786036967502913536,6507,0
679,785927819176054784,2993,10826
680,785872687017132033,1674,6354
681,785639753186217984,2106,7468
682,785533386513321988,1843,8603
683,785515384317313025,1166,5805
684,785264754247995392,1520,6914
685,785170936622350336,4505,11390
686,784826020293709826,3014,9586
687,784517518371221505,2369,8504
688,784431430411685888,1184,5451
689,784183165795655680,7487,18985
690,784057939640352768,10373,28138
691,783839966405230592,10061,28425
692,783821107061198850,1831,6996
693,783695101801398276,2993,9884
694,783466772167098368,2077,7989
695,783391753726550016,5099,16014
696,783347506784731136,5153,0
697,783334639985389568,10897,27527
698,783085703974514689,2022,7743
699,782969140009107456,6900,22841
700,782747134529531904,1320,7079
701,782722598790725632,5021,16312
702,782598640137187329,1768,7388
703,782305867769217024,5131,15729
704,782021823840026624,5744,0
705,781955203444699136,3142,10581
706,781661882474196992,2529,9889
707,781655249211752448,1053,3788
708,781524693396357120,5150,19610
709,781308096455073793,2385,6755
710,781251288990355457,1931,7926
711,781163403222056960,2584,9286
712,780931614150983680,6755,20505
713,780858289093574656,1868,6809
714,780800785462489090,1202,5200
715,780601303617732608,3127,11437
716,780543529827336192,1629,5958
717,780496263422808064,3429,0
718,780476555013349377,103,0
719,780459368902959104,1005,5001
720,780192070812196864,2091,8223
721,780092040432480260,2140,0
722,780074436359819264,4578,11442
723,779834332596887552,6507,17780
724,779377524342161408,2892,8262
725,779124354206535695,17043,0
726,779056095788752897,4217,13914
727,778990705243029504,6663,18775
728,778774459159379968,9168,0
729,778764940568104960,338,823
730,778748913645780993,1209,6467
731,778650543019483137,1394,5429
732,778624900596654080,943,4345
733,778408200802557953,4012,12879
734,778396591732486144,11354,0
735,778383385161035776,1019,5509
736,778286810187399168,3065,9749
737,778039087836069888,2468,7996
738,778027034220126208,1494,6203
739,777953400541634568,3273,0
740,777885040357281792,1517,6000
741,777684233540206592,2729,10635
742,777641927919427584,3927,0
743,777621514455814149,2344,8229
744,777189768882946048,3988,13339
745,776819012571455488,12623,0
746,776813020089548800,1114,4608
747,776477788987613185,2566,8258
748,776249906839351296,8474,0
749,776218204058357768,14748,28134
750,776201521193218049,2337,9035
751,776113305656188928,4030,11129
752,776088319444877312,141,1718
753,775898661951791106,15553,0
754,775842724423557120,2468,11047
755,775733305207554048,3704,13098
756,775729183532220416,4282,12282
757,775364825476165632,2718,6954
758,775350846108426240,3630,9590
759,775085132600442880,4376,14638
760,774757898236878852,1656,8144
761,774639387460112384,1616,6369
762,774314403806253056,5095,20567
763,773985732834758656,3589,10175
764,773922284943896577,1630,6064
765,773704687002451968,1498,6243
766,773670353721753600,1225,5060
767,773547596996571136,5702,20842
768,773336787167145985,4679,0
769,773308824254029826,6955,22003
770,773247561583001600,3009,8891
771,773191612633579521,3810,9404
772,772877495989305348,3581,8058
773,772826264096874500,2213,7575
774,772615324260794368,3122,0
775,772581559778025472,1588,6112
776,772193107915964416,1291,5686
777,772152991789019136,1055,3596
778,772117678702071809,688,3557
779,772114945936949249,440,2585
780,772102971039580160,866,3778
781,771908950375665664,1758,6197
782,771770456517009408,3144,11302
783,771500966810099713,2424,7783
784,771380798096281600,4679,9929
785,771171053431250945,6904,0
786,771136648247640064,2712,8621
787,771102124360998913,1337,5870
788,771014301343748096,1539,6490
789,770787852854652928,1105,4625
790,770772759874076672,1328,4894
791,770655142660169732,1670,6935
792,770414278348247044,1929,5952
793,770293558247038976,1357,5859
794,770093767776997377,2818,0
795,770069151037685760,2128,7154
796,769940425801170949,8845,29327
797,769695466921623552,1564,6052
798,769335591808995329,7137,0
799,769212283578875904,1601,5089
800,768970937022709760,6006,13420
801,768909767477751808,2444,0
802,768855141948723200,827,3941
803,768609597686943744,1099,3863
804,768596291618299904,1189,4740
805,768554158521745409,5390,0
806,768473857036525572,3163,12786
807,768193404517830656,3273,10205
808,767884188863397888,1266,4475
809,767754930266464257,4965,15004
810,767500508068192258,2153,7066
811,767191397493538821,3481,11551
812,767122157629476866,2653,9564
813,766793450729734144,1260,4756
814,766714921925144576,348,2466
815,766693177336135680,730,3801
816,766423258543644672,1459,5648
817,766313316352462849,1736,6352
818,766078092750233600,2425,0
819,766069199026450432,778,3953
820,766008592277377025,461,3544
821,765719909049503744,1997,6814
822,765669560888528897,1133,4861
823,765395769549590528,3119,25146
824,765371061932261376,2007,6685
825,765222098633691136,3122,10942
826,764857477905154048,1651,6091
827,764259802650378240,1395,5650
828,763956972077010945,50,734
829,763837565564780549,3823,11782
830,763183847194451968,1359,5066
831,763167063695355904,2756,0
832,763103485927849985,2125,6943
833,762699858130116608,3317,11377
834,762471784394268675,5928,10526
835,762464539388485633,3843,9658
836,762316489655476224,1030,4508
837,762035686371364864,14323,29851
838,761976711479193600,1831,5052
839,761750502866649088,3591,0
840,761745352076779520,794,4027
841,761672994376806400,26781,46335
842,761599872357261312,1102,3890
843,761371037149827077,16678,0
844,761334018830917632,1342,4840
845,761292947749015552,1002,4200
846,761227390836215808,1449,5011
847,761004547850530816,3218,10660
848,760893934457552897,890,3579
849,760656994973933572,1753,6188
850,760641137271070720,1191,4685
851,760539183865880579,3351,7086
852,760521673607086080,1288,3929
853,760290219849637889,10582,25116
854,760252756032651264,798,3714
855,760190180481531904,1655,5362
856,760153949710192640,28,0
857,759943073749200896,1934,5541
858,759846353224826880,1801,6301
859,759793422261743616,1765,5590
860,759557299618865152,1106,4407
861,759447681597108224,2277,7953
862,759446261539934208,454,1566
863,759197388317847553,1804,5707
864,759159934323924993,1068,0
865,759099523532779520,3830,13648
866,759047813560868866,1852,6083
867,758854675097526272,843,3331
868,758828659922702336,3561,10497
869,758740312047005698,1500,5387
870,758474966123810816,918,3566
871,758467244762497024,2031,4481
872,758405701903519748,1768,4884
873,758355060040593408,967,3162
874,758099635764359168,9168,17756
875,758041019896193024,339,2538
876,757741869644341248,3031,6434
877,757729163776290825,7219,0
878,757725642876129280,1114,4260
879,757611664640446465,1011,4298
880,757597904299253760,278,0
881,757596066325864448,959,4079
882,757400162377592832,6331,14159
883,757393109802180609,1580,5458
884,757354760399941633,1302,4217
885,756998049151549440,1836,5884
886,756939218950160384,1843,6233
887,756651752796094464,1193,4711
888,756526248105566208,3307,9723
889,756303284449767430,1007,3709
890,756288534030475264,16339,41261
891,756275833623502848,1408,5985
892,755955933503782912,2637,6836
893,755206590534418437,4918,15329
894,755110668769038337,10201,19775
895,754874841593970688,7254,0
896,754856583969079297,2313,6457
897,754747087846248448,478,2424
898,754482103782404096,1794,4942
899,754449512966619136,673,3512
900,754120377874386944,2164,7407
901,753655901052166144,1998,5468
902,753420520834629632,3240,7361
903,753398408988139520,1734,5366
904,753375668877008896,2140,7156
905,753298634498793472,5216,0
906,753294487569522689,961,3132
907,753039830821511168,19218,34642
908,753026973505581056,879,3662
909,752932432744185856,6303,11777
910,752917284578922496,1444,6516
911,752701944171524096,2623,0
912,752682090207055872,1463,5617
913,752660715232722944,1425,4086
914,752568224206688256,2091,5123
915,752519690950500352,3157,6873
916,752334515931054080,1010,3599
917,752309394570878976,14916,0
918,752173152931807232,1674,5557
919,751950017322246144,832,2855
920,751937170840121344,1202,4844
921,751830394383790080,1791,5448
922,751793661361422336,2622,5403
923,751598357617971201,2834,7424
924,751583847268179968,1006,4113
925,751538714308972544,1149,4731
926,751456908746354688,925,3017
927,751251247299190784,5398,11751
928,751205363882532864,1668,5916
929,751132876104687617,1188,4734
930,750868782890057730,1252,4473
931,750719632563142656,4596,12283
932,750506206503038976,1056,4145
933,750429297815552001,3927,12319
934,750383411068534784,1042,4274
935,750381685133418496,27,670
936,750147208377409536,877,2918
937,750132105863102464,1184,3380
938,750117059602808832,1214,4060
939,750101899009982464,777,2853
940,750086836815486976,493,2028
941,750071704093859840,3038,7263
942,750056684286914561,822,2961
943,750041628174217216,568,2971
944,750026558547456000,721,2536
945,750011400160841729,821,3018
946,749996283729883136,758,2838
947,749981277374128128,2279,4787
948,749774190421639168,1213,4359
949,749417653287129088,1518,5700
950,749403093750648834,493,2445
951,749395845976588288,3158,7976
952,749317047558017024,2053,5107
953,749075273010798592,1891,5377
954,749064354620928000,1409,4507
955,749036806121881602,732,2886
956,748977405889503236,3138,10048
957,748932637671223296,2064,5418
958,748705597323898880,879,2588
959,748699167502000129,1460,4420
960,748692773788876800,1230,3961
961,748575535303884801,1815,5646
962,748568946752774144,611,2053
963,748346686624440324,1125,4866
964,748337862848962560,3743,7078
965,748324050481647620,696,3462
966,748307329658011649,656,3449
967,748220828303695873,7129,13161
968,747963614829678593,1961,5395
969,747933425676525569,2362,6182
970,747885874273214464,882,2727
971,747844099428986880,677,2633
972,747816857231626240,1061,4507
973,747651430853525504,144,1276
974,747648653817413632,5342,11993
975,747600769478692864,523,2172
976,747594051852075008,951,3429
977,747512671126323200,1478,5142
978,747461612269887489,950,3603
979,747439450712596480,1753,5045
980,747242308580548608,2639,0
981,747219827526344708,1444,4902
982,747204161125646336,833,3131
983,747103485104099331,3633,8907
984,746906459439529985,271,2727
985,746872823977771008,1953,5586
986,746818907684614144,1599,4956
987,746790600704425984,1467,4531
988,746757706116112384,3563,8864
989,746726898085036033,1642,5644
990,746542875601690625,1748,4700
991,746521445350707200,901,0
992,746507379341139972,991,4348
993,746369468511756288,1491,5776
994,746131877086527488,2006,6409
995,746056683365994496,743,3330
996,745789745784041472,967,3681
997,745712589599014916,2135,6518
998,745433870967832576,2316,6552
999,745422732645535745,2208,7955
1000,745314880350101504,2486,6618
1001,745074613265149952,3189,7292
1002,745057283344719872,2058,6766
1003,744995568523612160,569,2751
1004,744971049620602880,2451,7317
1005,744709971296780288,1442,5235
1006,744334592493166593,1939,6348
1007,744234799360020481,70796,144990
1008,744223424764059648,327,1535
1009,743980027717509120,1006,3905
1010,743895849529389061,881,3410
1011,743835915802583040,1876,0
1012,743609206067040256,1270,4166
1013,697630435728322560,498,1604
1014,697616773278015490,926,2902
1015,697596423848730625,1137,2791
1016,697575480820686848,455,1895
1017,697516214579523584,997,1883
1018,697482927769255936,604,2245
1019,697463031882764288,1276,3178
1020,697270446429966336,1721,4356
1021,697259378236399616,909,3048
1022,697255105972801536,1059,2854
1023,697242256848379904,618,2334
1024,696900204696625153,941,2928
1025,696894894812565505,621,2177
1026,696886256886657024,1633,4463
1027,696877980375769088,643,2268
1028,696754882863349760,329,1375
1029,696744641916489729,838,1900
1030,696713835009417216,588,2183
1031,696518437233913856,1574,3647
1032,696490539101908992,127,1137
1033,696488710901260288,930,2319
1034,696405997980676096,1056,2937
1035,696100768806522880,588,1783
1036,695816827381944320,1057,2768
1037,695794761660297217,709,2923
1038,695767669421768709,666,1712
1039,695629776980148225,1901,4216
1040,695446424020918272,1658,4105
1041,695409464418041856,3261,8018
1042,695314793360662529,1306,3348
1043,695095422348574720,552,2467
1044,695074328191332352,999,2623
1045,695064344191721472,530,1482
1046,695051054296211456,718,2443
1047,694925794720792577,825,2505
1048,694905863685980160,841,2544
1049,694669722378485760,13120,33112
1050,694356675654983680,251,1391
1051,694352839993344000,546,1886
1052,694342028726001664,432,1467
1053,694329668942569472,451,1829
1054,694206574471057408,1860,3829
1055,694183373896572928,844,2720
1056,694001791655137281,926,3149
1057,693993230313091072,360,1742
1058,693942351086120961,331,1629
1059,693647888581312512,523,2486
1060,693644216740769793,115,1268
1061,693642232151285760,379,2363
1062,693629975228977152,723,2267
1063,693622659251335168,339,1421
1064,693590843962331137,1786,4669
1065,693582294167244802,223,1524
1066,693486665285931008,572,1633
1067,693280720173801472,1126,3097
1068,693267061318012928,735,2205
1069,693262851218264065,452,2053
1070,693231807727280129,673,2666
1071,693155686491000832,2908,7277
1072,693109034023534592,552,1570
1073,693095443459342336,406,1709
1074,692919143163629568,700,2510
1075,692905862751522816,791,2245
1076,692901601640583168,540,1622
1077,692894228850999298,720,2089
1078,692828166163931137,799,2664
1079,692752401762250755,3314,6299
1080,692568918515392513,1397,4044
1081,692535307825213440,1239,2911
1082,692530551048294401,370,1709
1083,692423280028966913,198,1369
1084,692417313023332352,3146,8679
1085,692187005137076224,750,2343
1086,692158366030913536,723,1978
1087,692142790915014657,355,1516
1088,692041934689402880,1135,3133
1089,692017291282812928,873,2678
1090,691820333922455552,1499,3669
1091,691793053716221953,3840,7507
1092,691756958957883396,890,2610
1093,691675652215414786,461,1801
1094,691483041324204033,503,2209
1095,691459709405118465,1028,3743
1096,691444869282295808,755,2442
1097,691416866452082688,6934,17901
1098,691321916024623104,602,2392
1099,691096613310316544,797,2771
1100,691090071332753408,307,1606
1101,690989312272396288,2621,5459
1102,690959652130045952,1120,3325
1103,690938899477221376,1757,3784
1104,690932576555528194,911,3029
1105,690735892932222976,1158,3509
1106,690728923253055490,469,2008
1107,690690673629138944,751,2158
1108,690649993829576704,250,1202
1109,690607260360429569,14,279
1110,690597161306841088,549,1790
1111,690400367696297985,406,1746
1112,690374419777196032,765,2982
1113,690360449368465409,797,2457
1114,690348396616552449,466,1374
1115,690248561355657216,370,1545
1116,690021994562220032,925,2590
1117,690015576308211712,664,2314
1118,690005060500217858,1540,3397
1119,689999384604450816,329,1309
1120,816450570814898180,7470,28739
1121,816336735214911488,1804,8171
1122,805958939288408065,5021,0
1123,805932879469572096,1804,7894
1124,743595368194129920,5970,16993
1125,743545585370791937,863,3286
1126,743510151680958465,3422,7420
1127,743253157753532416,1125,3938
1128,743222593470234624,1745,5744
1129,743210557239623680,1239,3559
1130,742534281772302336,3286,6576
1131,742528092657332225,1797,4116
1132,742465774154047488,3612,6767
1133,742423170473463808,3429,9118
1134,742385895052087300,1780,6300
1135,742161199639494656,1249,4013
1136,742150209887731712,1402,4725
1137,741793263812808706,1388,4221
1138,741743634094141440,2506,7558
1139,741438259667034112,749,3420
1140,741303864243200000,2930,8144
1141,741099773336379392,5033,9250
1142,741067306818797568,2818,8878
1143,740995100998766593,2478,5840
1144,740711788199743490,865,3153
1145,740699697422163968,710,2652
1146,740676976021798912,6226,16868
1147,740373189193256964,12152,32630
1148,740365076218183684,389,2255
1149,740359016048689152,798,3053
1150,740214038584557568,1791,6196
1151,739979191639244800,5390,18537
1152,739932936087216128,988,3764
1153,739844404073074688,791,3536
1154,739623569819336705,1242,3502
1155,739606147276148736,1496,5001
1156,739544079319588864,19296,36527
1157,739485634323156992,2645,6613
1158,739238157791694849,52938,107326
1159,738891149612572673,6,91
1160,738885046782832640,1047,3506
1161,738883359779196928,724,3054
1162,738537504001953792,1401,4713
1163,738402415918125056,744,3020
1164,738184450748633089,1109,3986
1165,738166403467907072,3043,8094
1166,738156290900254721,587,2293
1167,737826014890496000,1611,4843
1168,737800304142471168,3179,9292
1169,737678689543020544,1203,4642
1170,737445876994609152,4072,9475
1171,737322739594330112,737,3328
1172,737310737551491075,6765,13559
1173,736736130620620800,1545,3893
1174,736392552031657984,6673,16379
1175,736365877722001409,1118,3685
1176,736225175608430592,2552,7505
1177,736010884653420544,2711,7268
1178,735991953473572864,1038,3304
1179,735648611367784448,1017,3738
1180,735635087207878657,2148,5681
1181,735274964362878976,4556,12058
1182,735256018284875776,804,3076
1183,735137028879360001,886,2886
1184,734912297295085568,472,2551
1185,734787690684657664,5768,11593
1186,734776360183431168,489,2328
1187,734559631394082816,355,1378
1188,733828123016450049,718,3312
1189,733822306246479872,932,3393
1190,733482008106668032,855,2885
1191,733460102733135873,1142,3877
1192,733109485275860992,15553,49421
1193,732732193018155009,484,2233
1194,732726085725589504,801,3299
1195,732585889486888962,713,3369
1196,732375214819057664,2289,7449
1197,732005617171337216,4889,13724
1198,731285275100512256,904,3226
1199,731156023742988288,1145,3554
1200,730924654643314689,1792,5659
1201,730573383004487680,1919,4480
1202,730427201120833536,942,3212
1203,730211855403241472,960,3508
1204,730196704625098752,1711,4452
1205,729854734790754305,1018,3723
1206,729838605770891264,339,1605
1207,729823566028484608,1128,3664
1208,729463711119904772,2101,5334
1209,729113531270991872,288,1743
1210,728986383096946689,742,2897
1211,728760639972315136,1547,4305
1212,728751179681943552,619,2554
1213,728653952833728512,949,3068
1214,728409960103686147,1828,4510
1215,728387165835677696,880,3432
1216,728046963732717569,1086,3950
1217,728035342121635841,1516,4173
1218,728015554473250816,993,3798
1219,727685679342333952,577,2737
1220,727644517743104000,1592,5403
1221,727524757080539137,1089,4123
1222,727314416056803329,673,3074
1223,727286334147182592,748,2833
1224,727175381690781696,1248,3604
1225,727155742655025152,1202,3338
1226,726935089318363137,2214,6324
1227,726887082820554753,1372,3537
1228,726828223124897792,920,3312
1229,726224900189511680,1044,4091
1230,725842289046749185,2425,6537
1231,725786712245440512,1250,3856
1232,725729321944506368,1611,4807
1233,725458796924002305,557,1308
1234,724983749226668032,1172,3452
1235,724771698126512129,568,2163
1236,724405726123311104,1517,4884
1237,724049859469295616,1625,3992
1238,724046343203856385,513,2459
1239,724004602748780546,1395,3842
1240,723912936180330496,1129,3600
1241,723688335806480385,2650,7061
1242,723673163800948736,816,2796
1243,723179728551723008,1696,4876
1244,722974582966214656,1444,3780
1245,722613351520608256,1496,4598
1246,721503162398597120,1649,4243
1247,721001180231503872,552,2352
1248,720785406564900865,700,2866
1249,720775346191278080,572,2261
1250,720415127506415616,1367,3809
1251,720389942216527872,2270,5885
1252,720340705894408192,882,2631
1253,720059472081784833,1022,3567
1254,720043174954147842,1822,4588
1255,719991154352222208,1600,4497
1256,719704490224398336,1302,4191
1257,719551379208073216,1717,4660
1258,719367763014393856,692,2606
1259,719339463458033665,1122,4116
1260,719332531645071360,861,3185
1261,718971898235854848,986,3219
1262,718939241951195136,1588,4814
1263,718631497683582976,7258,17412
1264,718613305783398402,430,2265
1265,718540630683709445,927,2245
1266,718460005985447936,480,2513
1267,718454725339934721,1384,4519
1268,718246886998687744,448,1766
1269,718234618122661888,915,3578
1270,717841801130979328,545,2281
1271,717790033953034240,991,2638
1272,717537687239008257,1667,5336
1273,717428917016076293,408,1481
1274,717421804990701568,761,2900
1275,717047459982213120,1746,5820
1276,717009362452090881,873,2989
1277,716802964044845056,1051,3976
1278,716791146589110272,1459,7760
1279,716730379797970944,397,1138
1280,716447146686459905,5330,12052
1281,716439118184652801,191,2204
1282,716285507865542656,969,2566
1283,716080869887381504,1714,6269
1284,715928423106027520,796,2941
1285,715758151270801409,1294,3427
1286,715733265223708672,1536,4302
1287,715704790270025728,515,2570
1288,715696743237730304,1171,3623
1289,715680795826982913,1449,3984
1290,715360349751484417,1415,5053
1291,715342466308784130,627,2801
1292,715220193576927233,591,2224
1293,715200624753819648,1691,4764
1294,715009755312439296,1107,3831
1295,714982300363173890,937,3441
1296,714962719905021952,3848,6768
1297,714957620017307648,1284,3825
1298,714631576617938945,901,3021
1299,714606013974974464,834,3357
1300,714485234495041536,1013,2464
1301,714258258790387713,672,2830
1302,714251586676113411,764,3035
1303,714214115368108032,802,2122
1304,714141408463036416,1285,4016
1305,713919462244790272,724,3053
1306,713909862279876608,486,1755
1307,713900603437621249,665,2629
1308,713761197720473600,1244,4477
1309,713411074226274305,1190,4104
1310,713177543487135744,2601,6669
1311,713175907180089344,1337,4099
1312,712809025985978368,6104,17603
1313,712717840512598017,4522,11356
1314,712668654853337088,1103,3839
1315,712438159032893441,1423,4919
1316,712309440758808576,24,222
1317,712097430750289920,940,3477
1318,712092745624633345,814,2719
1319,712085617388212225,438,3025
1320,712065007010385924,570,2080
1321,711998809858043904,122,0
1322,711968124745228288,2098,7435
1323,711743778164514816,912,2628
1324,711732680602345472,3706,8116
1325,711694788429553666,16678,30358
1326,711652651650457602,823,3562
1327,711363825979756544,1020,3336
1328,711306686208872448,681,3060
1329,711008018775851008,560,2751
1330,710997087345876993,1268,4226
1331,710844581445812225,614,2358
1332,710833117892898816,477,2478
1333,710658690886586372,515,2145
1334,710609963652087808,2165,4446
1335,710588934686908417,1702,4186
1336,710296729921429505,672,2209
1337,710283270106132480,482,2002
1338,710272297844797440,1146,4157
1339,710269109699739648,1019,2205
1340,710153181850935296,814,2693
1341,710140971284037632,807,2526
1342,710117014656950272,1785,5043
1343,709918798883774466,996,3239
1344,709901256215666688,92,610
1345,709852847387627521,1092,3246
1346,709566166965075968,1078,3263
1347,709556954897764353,976,3029
1348,709519240576036864,219,1389
1349,709449600415961088,520,2030
1350,709409458133323776,617,2432
1351,709225125749587968,523,2217
1352,709207347839836162,5200,11455
1353,709198395643068416,591,2274
1354,709179584944730112,611,1860
1355,709158332880297985,367,1883
1356,709042156699303936,1483,4350
1357,708853462201716736,595,1672
1358,708845821941387268,806,2749
1359,708834316713893888,452,1556
1360,708810915978854401,6275,15266
1361,708738143638450176,744,2550
1362,708711088997666817,642,2346
1363,708479650088034305,619,2347
1364,708469915515297792,733,2862
1365,708400866336894977,9100,14715
1366,708356463048204288,1201,3309
1367,708349470027751425,678,2194
1368,708149363256774660,1415,3997
1369,708130923141795840,786,3108
1370,708119489313951744,899,2490
1371,708109389455101952,502,1807
1372,708026248782585858,1755,4077
1373,707995814724026368,1018,2882
1374,707983188426153984,2,45
1375,707969809498152960,870,2494
1376,707776935007539200,875,3019
1377,707741517457260545,558,2295
1378,707738799544082433,2211,3745
1379,707693576495472641,920,3133
1380,707629649552134146,788,2361
1381,707610948723478529,5744,15645
1382,707420581654872064,636,2077
1383,707411934438625280,546,2120
1384,707387676719185920,1151,3227
1385,707377100785885184,979,3021
1386,707315916783140866,580,2289
1387,707297311098011648,713,2588
1388,707059547140169728,619,2408
1389,707038192327901184,720,2022
1390,707021089608753152,1227,3743
1391,707014260413456384,546,2122
1392,706904523814649856,7137,13477
1393,706901761596989440,528,1893
1394,706681918348251136,896,3034
1395,706644897839910912,990,2355
1396,706593038911545345,582,1992
1397,706538006853918722,1300,3204
1398,706516534877929472,932,2883
1399,706346369204748288,844,3183
1400,706310011488698368,7160,19598
1401,706291001778950144,439,1572
1402,706265994973601792,852,2525
1403,706169069255446529,2007,3600
1404,706166467411222528,1459,4750
1405,706153300320784384,346,1364
1406,705975130514706432,666,2870
1407,705970349788291072,800,2935
1408,705898680587526145,497,2196
1409,705786532653883392,469,1800
1410,705591895322394625,1036,2924
1411,705475953783398401,833,2753
1412,705442520700944385,1465,4079
1413,705428427625635840,1526,3526
1414,705239209544720384,679,2780
1415,705223444686888960,716,2385
1416,705102439679201280,476,1969
1417,705066031337840642,556,2020
1418,704871453724954624,1019,3969
1419,704859558691414016,477,2076
1420,704847917308362754,1371,4716
1421,704819833553219584,900,2456
1422,704761120771465216,2639,6152
1423,704499785726889984,908,2668
1424,704491224099647488,71,690
1425,704480331685040129,983,3156
1426,704364645503647744,3240,7364
1427,704347321748819968,314,1449
1428,704134088924532736,413,1390
1429,704113298707505153,521,1720
1430,704054845121142784,845,2701
1431,703774238772166656,405,1710
1432,703769065844768768,1025,3023
1433,703631701117943808,602,2370
1434,703611486317502464,1386,3554
1435,703425003149250560,1225,3509
1436,703407252292673536,624,2261
1437,703382836347330562,1035,3232
1438,703356393781329922,347,1772
1439,703268521220972544,495,1830
1440,703079050210877440,2811,6832
1441,703041949650034688,11354,24389
1442,702932127499816960,655,2375
1443,702899151802126337,413,1486
1444,702684942141153280,966,2993
1445,702671118226825216,509,2024
1446,702598099714314240,3146,11362
1447,702539513671897089,875,2657
1448,702332542343577600,1388,2942
1449,702321140488925184,956,3035
1450,702276748847800320,696,2289
1451,702217446468493312,1229,4404
1452,701981390485725185,894,3169
1453,701952816642965504,933,3551
1454,701889187134500865,1260,3257
1455,701805642395348998,1512,3129
1456,701601587219795968,416,1931
1457,701570477911896070,841,2585
1458,701545186879471618,552,2458
1459,701214700881756160,4646,11305
1460,700890391244103680,511,2048
1461,700864154249383937,562,2406
1462,700847567345688576,453,2283
1463,700796979434098688,864,2263
1464,700747788515020802,8474,21074
1465,700518061187723268,723,2401
1466,700505138482569216,524,2115
1467,700462010979500032,1628,3791
1468,700167517596164096,657,2439
1469,700151421916807169,611,2062
1470,700143752053182464,2444,6944
1471,700062718104104960,615,2454
1472,700029284593901568,532,1920
1473,700002074055016451,1206,3039
1474,699801817392291840,852,2782
1475,699788877217865730,471,2067
1476,699779630832685056,1112,2513
1477,699775878809702401,541,1813
1478,699691744225525762,4170,9495
1479,699446877801091073,2402,5526
1480,699434518667751424,468,2036
1481,699423671849451520,290,1251
1482,699413908797464576,573,1934
1483,699370870310113280,395,1756
1484,699323444782047232,784,2910
1485,699088579889332224,568,2091
1486,699079609774645248,576,2263
1487,699072405256409088,1082,2722
1488,699060279947165696,1629,3441
1489,699036661657767936,1094,2413
1490,698989035503689728,879,3088
1491,698953797952008193,833,2492
1492,698907974262222848,556,2345
1493,698710712454139905,621,2278
1494,698703483621523456,337,1332
1495,698635131305795584,315,1197
1496,698549713696649216,561,2150
1497,698355670425473025,397,1708
1498,698342080612007937,873,2083
1499,698262614669991936,1801,4414
1500,698195409219559425,5465,15553
1501,698178924120031232,678,2597
1502,697995514407682048,307,1417
1503,697990423684476929,1175,3026
1504,697943111201378304,618,2209
1505,697881462549430272,1059,2792
1506,689993469801164801,409,1349
1507,689977555533848577,410,1273
1508,689905486972461056,624,2263
1509,689877686181715968,1046,2808
1510,689835978131935233,689,2024
1511,689661964914655233,852,3004
1512,689659372465688576,3490,9550
1513,689623661272240129,581,2048
1514,689599056876867584,5034,10802
1515,689557536375177216,406,1905
1516,689517482558820352,1301,3141
1517,689289219123089408,853,2077
1518,689283819090870273,1005,3026
1519,689280876073582592,642,1831
1520,689275259254616065,225,1058
1521,689255633275777024,978,2360
1522,689154315265683456,900,2866
1523,689143371370250240,458,1870
1524,688916208532455424,774,2503
1525,688908934925697024,708,1946
1526,688898160958271489,711,1932
1527,688894073864884227,622,2063
1528,688828561667567616,326,1282
1529,688804835492233216,170,890
1530,688789766343622656,605,2062
1531,688547210804498433,627,2408
1532,688519176466644993,661,2156
1533,688385280030670848,4093,8577
1534,688211956440801280,761,2084
1535,688179443353796608,532,1982
1536,688116655151435777,701,2622
1537,688064179421470721,325,1602
1538,687841446767013888,2258,5039
1539,687826841265172480,1013,2527
1540,687818504314159109,867,2283
1541,687807801670897665,660,2204
1542,687732144991551489,598,1625
1543,687704180304273409,767,2245
1544,687664829264453632,471,1807
1545,687494652870668288,530,1764
1546,687480748861947905,222,1478
1547,687476254459715584,483,1833
1548,687460506001633280,492,1912
1549,687399393394311168,555,1753
1550,687317306314240000,8360,18689
1551,687312378585812992,1737,4021
1552,687127927494963200,2059,4983
1553,687124485711986689,462,2023
1554,687109925361856513,2243,5372
1555,687102708889812993,875,2175
1556,687096057537363968,552,2084
1557,686947101016735744,2909,8002
1558,686760001961103360,1259,3244
1559,686749460672679938,1322,3208
1560,686730991906516992,1094,3815
1561,686683045143953408,735,2615
1562,686618349602762752,1240,3414
1563,686606069955735556,493,1755
1564,686394059078897668,634,1600
1565,686386521809772549,792,3020
1566,686377065986265092,516,2054
1567,686358356425093120,602,2001
1568,686286779679375361,1529,3729
1569,686050296934563840,664,2068
1570,686035780142297088,104,1063
1571,686034024800862208,1039,2854
1572,686007916130873345,367,2285
1573,686003207160610816,563,1684
1574,685973236358713344,477,1942
1575,685943807276412928,536,1500
1576,685906723014619143,2599,6914
1577,685681090388975616,110,1889
1578,685667379192414208,511,2190
1579,685663452032069632,1336,2979
1580,685641971164143616,700,2698
1581,685547936038666240,14164,30446
1582,685532292383666176,1048,2815
1583,685325112850124800,3591,8693
1584,685321586178670592,580,2451
1585,685315239903100929,946,3038
1586,685307451701334016,397,1930
1587,685268753634967552,1078,2847
1588,685198997565345792,589,2144
1589,685169283572338688,1281,3789
1590,684969860808454144,328,2220
1591,684959798585110529,2819,6305
1592,684940049151070208,948,2967
1593,684926975086034944,417,3226
1594,684914660081053696,1326,3228
1595,684902183876321280,467,1719
1596,684880619965411328,729,1923
1597,684830982659280897,19741,32424
1598,684800227459624960,906,2516
1599,684594889858887680,3174,8196
1600,684588130326986752,1283,3817
1601,684567543613382656,1107,2765
1602,684538444857667585,859,2441
1603,684481074559381504,1073,3575
1604,684460069371654144,503,1821
1605,684241637099323392,2955,7502
1606,684225744407494656,184,1149
1607,684222868335505415,1241,3527
1608,684200372118904832,946,1988
1609,684195085588783105,457,1765
1610,684188786104872960,1054,3229
1611,684177701129875456,594,1869
1612,684147889187209216,1377,2750
1613,673612854080196609,632,1425
1614,673583129559498752,314,1069
1615,684122891630342144,426,1865
1616,684097758874210310,1299,3804
1617,683857920510050305,1022,3529
1618,683852578183077888,317,1796
1619,683849932751646720,857,2419
1620,683834909291606017,1025,2421
1621,683828599284170753,973,2590
1622,683773439333797890,1222,3080
1623,683742671509258241,3013,5985
1624,683515932363329536,2623,6804
1625,683498322573824003,874,2937
1626,683481228088049664,904,2454
1627,683462770029932544,620,2244
1628,683449695444799489,1460,3584
1629,683391852557561860,2181,7060
1630,683357973142474752,825,2676
1631,683142553609318400,940,2650
1632,683111407806746624,819,3151
1633,683098815881154561,589,2003
1634,683078886620553216,520,1860
1635,683030066213818368,671,2003
1636,682962037429899265,14912,33865
1637,682808988178739200,155,1631
1638,682788441537560576,1019,2287
1639,682750546109968385,398,1408
1640,682697186228989953,332,1217
1641,682662431982772225,987,2821
1642,682638830361513985,535,1913
1643,682429480204398592,1046,3187
1644,682406705142087680,1590,6985
1645,682393905736888321,598,2078
1646,682389078323662849,424,1543
1647,682303737705140231,887,2830
1648,682259524040966145,1078,3820
1649,682242692827447297,1040,2976
1650,682088079302213632,8919,16829
1651,682059653698686977,1532,4552
1652,682047327939461121,849,2955
1653,682032003584274432,1799,6075
1654,682003177596559360,1372,2878
1655,681981167097122816,922,2601
1656,681891461017812993,746,2277
1657,681694085539872773,3697,11836
1658,681679526984871937,400,1630
1659,681654059175129088,820,2429
1660,681610798867845120,419,1736
1661,681579835668455424,1179,3261
1662,681523177663676416,5216,13202
1663,681340665377193984,245,1519
1664,681339448655802368,3709,8569
1665,681320187870711809,672,2418
1666,681302363064414209,1629,3606
1667,681297372102656000,857,2968
1668,681281657291280384,998,2969
1669,681261549936340994,236,1335
1670,681242418453299201,470,1361
1671,681231109724700672,441,2245
1672,681193455364796417,1342,3423
1673,680970795137544192,586,2219
1674,680959110691590145,1825,4232
1675,680940246314430465,938,2929
1676,680934982542561280,394,1923
1677,680913438424612864,563,2219
1678,680889648562991104,326,1615
1679,680836378243002368,1185,3196
1680,680805554198020098,607,1986
1681,680801747103793152,742,2193
1682,680798457301471234,939,2612
1683,680609293079592961,629,2416
1684,680583894916304897,1193,3316
1685,680497766108381184,1736,3895
1686,680494726643068929,440,1576
1687,680473011644985345,674,2346
1688,680440374763077632,443,1329
1689,680221482581123072,262,1364
1690,680206703334408192,1050,2594
1691,680191257256136705,443,1983
1692,680176173301628928,1400,3570
1693,680161097740095489,672,2145
1694,680145970311643136,1563,3316
1695,680130881361686529,857,2119
1696,680115823365742593,830,2501
1697,680100725817409536,1253,3309
1698,680085611152338944,8162,11769
1699,680070545539371008,776,2392
1700,679877062409191424,581,1804
1701,679872969355714560,598,2015
1702,679862121895714818,557,2256
1703,679854723806179328,1104,2617
1704,679844490799091713,687,2189
1705,679828447187857408,12623,33225
1706,679777920601223168,998,2861
1707,679736210798047232,719,1915
1708,679729593985699840,750,1995
1709,679722016581222400,426,1540
1710,679530280114372609,1889,4380
1711,679527802031484928,653,2432
1712,679511351870550016,1149,3076
1713,679503373272485890,1340,2921
1714,679475951516934144,585,1928
1715,679462823135686656,17043,29461
1716,679405845277462528,1074,2169
1717,679158373988876288,7254,19477
1718,679148763231985668,927,2559
1719,679132435750195208,1036,2714
1720,679111216690831360,2316,5444
1721,679062614270468097,7219,15508
1722,679047485189439488,587,2058
1723,679001094530465792,1096,2603
1724,678991772295516161,1018,2075
1725,678969228704284672,409,1500
1726,678800283649069056,821,2357
1727,678798276842360832,1030,3168
1728,678774928607469569,821,2576
1729,678767140346941444,1230,3226
1730,678764513869611008,417,1482
1731,678755239630127104,2936,6495
1732,678740035362037760,1490,3403
1733,678708137298427904,2194,5137
1734,678675843183484930,1321,2608
1735,678643457146150913,360,1882
1736,678446151570427904,1372,3658
1737,678424312106393600,2282,5007
1738,678410210315247616,1610,3831
1739,678399652199309312,28625,73578
1740,678396796259975168,375,1459
1741,678389028614488064,383,1716
1742,678380236862578688,822,2249
1743,678341075375947776,473,1577
1744,678334497360859136,224,1184
1745,678278586130948096,5497,10426
1746,678255464182861824,327,1454
1747,678023323247357953,341,1745
1748,678021115718029313,5643,12397
1749,677961670166224897,1526,3147
1750,677918531514703872,364,1221
1751,677895101218201600,1846,4401
1752,677716515794329600,878,2788
1753,677700003327029250,1294,3117
1754,677698403548192770,286,1118
1755,677687604918272002,756,2265
1756,677673981332312066,1351,3037
1757,677662372920729601,842,1778
1758,677644091929329666,728,1713
1759,677573743309385728,600,1941
1760,677565715327688705,411,1191
1761,677557565589463040,1018,2226
1762,677547928504967168,3299,6333
1763,677530072887205888,204,970
1764,677335745548390400,1553,2766
1765,677334615166730240,253,1229
1766,677331501395156992,209,989
1767,677328882937298944,1349,3342
1768,677314812125323265,472,1502
1769,677301033169788928,355,1116
1770,677269281705472000,637,1798
1771,677228873407442944,1468,3215
1772,677187300187611136,815,2486
1773,676975532580409345,953,2530
1774,676957860086095872,720,2029
1775,676949632774234114,349,1189
1776,676948236477857792,777,1961
1777,676946864479084545,327,1578
1778,676942428000112642,668,1880
1779,676936541936185344,4438,11638
1780,676916996760600576,1619,2700
1781,676897532954456065,650,2052
1782,676864501615042560,629,1903
1783,676821958043033607,13812,20764
1784,676819651066732545,602,1657
1785,676811746707918848,379,1308
1786,676776431406465024,1804,4535
1787,676617503762681856,856,2618
1788,676613908052996102,177,987
1789,676606785097199616,387,1724
1790,676603393314578432,342,1043
1791,676593408224403456,1894,4142
1792,676590572941893632,110,841
1793,676588346097852417,701,2087
1794,676582956622721024,252,1083
1795,676575501977128964,992,2335
1796,676533798876651520,490,1702
1797,676496375194980353,471,1376
1798,676470639084101634,4188,10609
1799,676440007570247681,590,1567
1800,676430933382295552,302,1267
1801,676263575653122048,484,1896
1802,676237365392908289,251,1092
1803,676219687039057920,27814,71030
1804,676215927814406144,516,1574
1805,676191832485810177,920,2058
1806,676146341966438401,593,1755
1807,676121918416756736,1030,1969
1808,676101918813499392,1051,2587
1809,676098748976615425,1251,2686
1810,676089483918516224,392,1185
1811,675898130735476737,506,1450
1812,675891555769696257,765,1925
1813,675888385639251968,841,2119
1814,675878199931371520,1242,3783
1815,675870721063669760,500,1471
1816,675853064436391936,1137,2429
1817,675849018447167488,123,867
1818,675845657354215424,780,2049
1819,675822767435051008,475,1382
1820,675820929667219457,208,959
1821,675798442703122432,3050,9332
1822,675781562965868544,420,1460
1823,675740360753160193,296,1062
1824,675710890956750848,722,1694
1825,675707330206547968,600,1786
1826,675706639471788032,86,583
1827,675534494439489536,363,1664
1828,675531475945709568,332,1070
1829,675522403582218240,248,942
1830,675517828909424640,407,1152
1831,675501075957489664,5228,15584
1832,675497103322386432,1137,2827
1833,675489971617296384,528,1156
1834,675483430902214656,855,1668
1835,675432746517426176,503,1364
1836,675372240448454658,458,1532
1837,675362609739206656,196,943
1838,675354435921575936,14916,29530
1839,675349384339542016,2002,3536
1840,675334060156301312,1135,2494
1841,675166823650848770,1388,3179
1842,675153376133427200,2267,5608
1843,675149409102012420,1503,3358
1844,675147105808306176,200,841
1845,675146535592706048,257,1057
1846,675145476954566656,784,1919
1847,675135153782571009,413,1166
1848,675113801096802304,690,1743
1849,675111688094527488,213,869
1850,675109292475830276,1000,2524
1851,675047298674663426,275,929
1852,675015141583413248,1048,2426
1853,675006312288268288,202,876
1854,675003128568291329,406,1395
1855,674999807681908736,957,1999
1856,674805413498527744,319,767
1857,674800520222154752,750,2709
1858,674793399141146624,954,2228
1859,674790488185167872,219,987
1860,674788554665512960,181,719
1861,674781762103414784,1050,1807
1862,674774481756377088,412,991
1863,674767892831932416,692,1635
1864,674764817387900928,200,700
1865,674754018082705410,384,1229
1866,674752233200820224,402,1314
1867,674743008475090944,469,1261
1868,674742531037511680,45,430
1869,674739953134403584,327,968
1870,674737130913071104,80,581
1871,674690135443775488,413,1027
1872,674670581682434048,570,1450
1873,674664755118911488,205,813
1874,674646392044941312,430,1282
1875,674644256330530816,243,932
1876,674638615994089473,514,1520
1877,674632714662858753,503,1347
1878,674606911342424069,86,840
1879,674468880899788800,1787,5574
1880,674447403907457024,315,958
1881,674436901579923456,344,987
1882,674422304705744896,467,1287
1883,674416750885273600,117,612
1884,674410619106390016,402,1071
1885,674394782723014656,489,1337
1886,674372068062928900,280,767
1887,674330906434379776,66,508
1888,674318007229923329,450,1256
1889,674307341513269249,6048,10161
1890,674291837063053312,5152,13214
1891,674271431610523648,645,1397
1892,674269164442398721,202,825
1893,674265582246694913,735,1463
1894,674262580978937856,385,1181
1895,674255168825880576,467,1307
1896,674082852460433408,144,682
1897,674075285688614912,246,891
1898,674063288070742018,1911,5744
1899,674053186244734976,1132,2954
1900,674051556661161984,432,1294
1901,674045139690631169,566,1268
1902,674042553264685056,111,636
1903,674038233588723717,369,981
1904,674036086168010753,181,761
1905,674024893172875264,1087,1586
1906,674019345211760640,265,1018
1907,674014384960745472,559,1390
1908,674008982932058114,301,1085
1909,673956914389192708,839,1752
1910,673919437611909120,327,1057
1911,673906403526995968,1438,2854
1912,673887867907739649,221,844
1913,673716320723169284,670,2789
1914,673715861853720576,1815,3170
1915,673711475735838725,265,941
1916,673709992831262724,236,754
1917,673708611235921920,256,953
1918,673707060090052608,346,991
1919,673705679337693185,359,1125
1920,673700254269775872,501,1283
1921,673697980713705472,1697,3519
1922,673689733134946305,571,1539
1923,673688752737402881,440,1126
1924,673686845050527744,377,1276
1925,673680198160809984,418,1229
1926,673662677122719744,328,1130
1927,673656262056419329,199,650
1928,673636718965334016,309,994
1929,673580926094458881,239,738
1930,673576835670777856,488,1235
1931,673363615379013632,267,932
1932,673359818736984064,594,1289
1933,673355879178194945,495,1346
1934,673352124999274496,475,1497
1935,673350198937153538,185,687
1936,673345638550134785,1104,2234
1937,673343217010679808,235,861
1938,673342308415348736,492,1141
1939,673320132811366400,6904,11990
1940,673317986296586240,216,783
1941,673295268553605120,2756,6741
1942,673270968295534593,313,960
1943,673240798075449344,618,1279
1944,673213039743795200,724,1979
1945,673148804208660480,550,1493
1946,672997845381865473,631,1756
1947,672995267319328768,255,845
1948,672988786805112832,254,879
1949,672984142909456390,471,1120
1950,672980819271634944,892,1630
1951,672975131468300288,784,1498
1952,672970152493887488,305,841
1953,672968025906282496,471,1185
1954,672964561327235073,557,1261
1955,672902681409806336,425,1235
1956,672898206762672129,363,796
1957,672884426393653248,732,1372
1958,672877615439593473,303,909
1959,672834301050937345,504,1157
1960,672828477930868736,419,1108
1961,672640509974827008,272,875
1962,672622327801233409,423,1152
1963,672614745925664768,512,1092
1964,672609152938721280,338,971
1965,672604026190569472,337,974
1966,672594978741354496,531,1180
1967,672591762242805761,286,846
1968,672591271085670400,157,643
1969,672538107540070400,318,904
1970,672523490734551040,146,553
1971,672488522314567680,373,990
1972,672482722825261057,520,992
1973,672481316919734272,110,640
1974,672475084225949696,608,1299
1975,672466075045466113,448,1193
1976,672272411274932228,2942,5736
1977,672267570918129665,539,1318
1978,672264251789176834,287,1012
1979,672256522047614977,1330,2518
1980,672254177670729728,652,1277
1981,672248013293752320,524,1535
1982,672245253877968896,132,608
1983,672239279297454080,276,806
1984,672231046314901505,876,1624
1985,672222792075620352,176,703
1986,672205392827572224,1010,1996
1987,672169685991993344,320,908
1988,672160042234327040,304,768
1989,672139350159835138,597,1550
1990,672125275208069120,993,2120
1991,672095186491711488,328,879
1992,672082170312290304,319,840
1993,672068090318987265,440,1142
1994,671896809300709376,3679,7624
1995,671891728106971137,484,1177
1996,671882082306625538,1215,3118
1997,671879137494245376,575,1250
1998,671874878652489728,479,1107
1999,671866342182637568,420,999
2000,671855973984772097,374,794
2001,671789708968640512,3006,6333
2002,671768281401958400,435,1050
2003,671763349865160704,776,1496
2004,671744970634719232,667,1210
2005,671743150407421952,202,676
2006,671735591348891648,657,1290
2007,671729906628341761,3811,7509
2008,671561002136281088,6328,11408
2009,671550332464455680,183,811
2010,671547767500775424,499,1205
2011,671544874165002241,889,1733
2012,671542985629241344,487,966
2013,671538301157904385,336,837
2014,671536543010570240,344,1037
2015,671533943490011136,497,899
2016,671528761649688577,217,741
2017,671520732782923777,454,1223
2018,671518598289059840,253,831
2019,671511350426865664,606,1429
2020,671504605491109889,3133,6248
2021,671497587707535361,391,828
2022,671488513339211776,415,886
2023,671486386088865792,173,512
2024,671485057807351808,196,679
2025,671390180817915904,655,1281
2026,671362598324076544,257,980
2027,671357843010908160,133,351
2028,671355857343524864,105,421
2029,671347597085433856,371,835
2030,671186162933985280,176,642
2031,671182547775299584,284,980
2032,671166507850801152,301,783
2033,671163268581498880,970,1463
2034,671159727754231808,69,314
2035,671154572044468225,186,626
2036,671151324042559489,128,587
2037,671147085991960577,192,587
2038,671141549288370177,572,1025
2039,671138694582165504,344,823
2040,671134062904504320,163,654
2041,671122204919246848,2190,3093
2042,671115716440031232,674,1218
2043,671109016219725825,378,1008
2044,670995969505435648,245,970
2045,670842764863651840,7583,22106
2046,670840546554966016,166,524
2047,670838202509447168,599,984
2048,670833812859932673,109,382
2049,670832455012716544,184,647
2050,670826280409919488,3516,4878
2051,670823764196741120,162,677
2052,670822709593571328,83,545
2053,670815497391357952,1323,2793
2054,670811965569282048,231,985
2055,670807719151067136,428,1051
2056,670804601705242624,822,1743
2057,670803562457407488,78,304
2058,670797304698376195,203,661
2059,670792680469889025,238,735
2060,670789397210615808,210,585
2061,670786190031921152,171,531
2062,670783437142401025,330,725
2063,670782429121134593,662,1352
2064,670780561024270336,249,704
2065,670778058496974848,62,298
2066,670764103623966721,371,960
2067,670755717859713024,89,393
2068,670733412878163972,446,851
2069,670727704916926465,314,738
2070,670717338665226240,419,1055
2071,670704688707301377,319,687
2072,670691627984359425,209,521
2073,670679630144274432,243,668
2074,670676092097810432,35,215
2075,670668383499735048,4326,9475
2076,670474236058800128,634,1341
2077,670468609693655041,77,317
2078,670465786746662913,467,856
2079,670452855871037440,174,489
2080,670449342516494336,571,1076
2081,670444955656130560,1747,6065
2082,670442337873600512,175,581
2083,670435821946826752,438,941
2084,670434127938719744,562,1258
2085,670433248821026816,100,296
2086,670428280563085312,524,1234
2087,670427002554466305,142,465
2088,670421925039075328,552,1149
2089,670420569653809152,265,541
2090,670417414769758208,282,501
2091,670411370698022913,772,1797
2092,670408998013820928,188,487
2093,670403879788544000,130,378
2094,670385711116361728,173,494
2095,670374371102445568,238,670
2096,670361874861563904,55,289
2097,670338931251150849,96,374
2098,670319130621435904,1068,3473
2099,670303360680108032,107,383
2100,670290420111441920,250,623
2101,670093938074779648,278,911
2102,670086499208155136,218,623
2103,670079681849372674,1057,1954
2104,670073503555706880,681,1387
2105,670069087419133954,205,554
2106,670061506722140161,290,667
2107,670055038660800512,279,592
2108,670046952931721218,152,576
2109,670040295598354432,97,659
2110,670037189829525505,240,527
2111,670003130994700288,77,296
2112,669993076832759809,70,288
2113,669972011175813120,134,396
2114,669970042633789440,43,272
2115,669942763794931712,133,445
2116,669926384437997569,81,339
2117,669923323644657664,50,202
2118,669753178989142016,341,710
2119,669749430875258880,55,229
2120,669684865554620416,75,449
2121,669683899023405056,94,339
2122,669682095984410625,116,312
2123,669680153564442624,245,588
2124,669661792646373376,367,715
2125,669625907762618368,1573,3132
2126,669603084620980224,316,847
2127,669597912108789760,133,447
2128,669583744538451968,805,1324
2129,669573570759163904,120,388
2130,669571471778410496,884,1409
2131,669567591774625800,45,202
2132,669564461267722241,104,337
2133,669393256313184256,62,313
2134,669375718304980992,634,1181
2135,669371483794317312,148,438
2136,669367896104181761,131,406
2137,669363888236994561,202,558
2138,669359674819481600,103,332
2139,669354382627049472,1095,2395
2140,669353438988365824,229,566
2141,669351434509529089,157,382
2142,669328503091937280,367,908
2143,669327207240699904,102,498
2144,669324657376567296,182,440
2145,669216679721873412,348,1059
2146,669214165781868544,135,385
2147,669203728096960512,409,890
2148,669037058363662336,266,573
2149,669015743032369152,324,651
2150,669006782128353280,209,511
2151,669000397445533696,5531,18714
2152,668994913074286592,191,391
2153,668992363537309700,294,659
2154,668989615043424256,288,596
2155,668988183816871936,391,801
2156,668986018524233728,140,479
2157,668981893510119424,259,483
2158,668979806671884288,293,706
2159,668975677807423489,497,1158
2160,668967877119254528,18,127
2161,668960084974809088,210,620
2162,668955713004314625,63,241
2163,668932921458302977,50,227
2164,668902994700836864,87,275
2165,668892474547511297,126,354
2166,668872652652679168,268,477
2167,668852170888998912,139,410
2168,668826086256599040,112,383
2169,668815180734689280,227,495
2170,668779399630725120,325,629
2171,668655139528511488,190,474
2172,668645506898350081,458,775
2173,668643542311546881,447,788
2174,668641109086707712,467,944
2175,668636665813057536,435,921
2176,668633411083464705,1385,2471
2177,668631377374486528,281,618
2178,668627278264475648,97,281
2179,668625577880875008,111,330
2180,668623201287675904,655,1249
2181,668620235289837568,35,181
2182,668614819948453888,271,544
2183,668587383441514497,923,1479
2184,668567822092664832,46,206
2185,668544745690562560,197,453
2186,668542336805281792,182,403
2187,668537837512433665,60,225
2188,668528771708952576,189,404
2189,668507509523615744,87,279
2190,668496999348633600,115,360
2191,668484198282485761,208,372
2192,668480044826800133,128,397
2193,668466899341221888,443,771
2194,668297328638447616,255,557
2195,668291999406125056,28,213
2196,668286279830867968,118,436
2197,668274247790391296,198,722
2198,668268907921326080,206,485
2199,668256321989451776,518,1154
2200,668248472370458624,408,843
2201,668237644992782336,2429,5456
2202,668226093875376128,84,247
2203,668221241640230912,169,452
2204,668204964695683073,172,489
2205,668190681446379520,170,577
2206,668171859951755264,161,424
2207,668154635664932864,272,440
2208,668142349051129856,238,510
2209,668113020489474048,208,587
2210,667937095915278337,695,1115
2211,667924896115245057,95,264
2212,667915453470232577,45,184
2213,667911425562669056,245,431
2214,667902449697558528,334,761
2215,667886921285246976,908,1650
2216,667885044254572545,400,730
2217,667878741721415682,101,349
2218,667873844930215936,339,553
2219,667866724293877760,901,2719
2220,667861340749471744,69,221
2221,667832474953625600,55,256
2222,667806454573760512,418,931
2223,667801013445750784,82,284
2224,667793409583771648,285,610
2225,667782464991965184,210,363
2226,667773195014021121,44,204
2227,667766675769573376,184,373
2228,667728196545200128,127,324
2229,667724302356258817,268,423
2230,667550904950915073,29,0
2231,667550882905632768,26,0
2232,667549055577362432,1961,5114
2233,667546741521195010,107,302
2234,667544320556335104,459,763
2235,667538891197542400,58,176
2236,667534815156183040,446,719
2237,667530908589760512,207,412
2238,667524857454854144,970,1508
2239,667517642048163840,166,332
2240,667509364010450944,1867,6072
2241,667502640335572993,195,485
2242,667495797102141441,232,458
2243,667491009379606528,190,459
2244,667470559035432960,85,225
2245,667455448082227200,53,171
2246,667453023279554560,74,279
2247,667443425659232256,490,682
2248,667437278097252352,199,396
2249,667435689202614272,76,266
2250,667405339315146752,197,412
2251,667393430834667520,50,168
2252,667369227918143488,145,328
2253,667211855547486208,210,425
2254,667200525029539841,228,546
2255,667192066997374976,86,332
2256,667188689915760640,333,643
2257,667182792070062081,5279,12549
2258,667177989038297088,48,166
2259,667176164155375616,388,528
2260,667174963120574464,70,218
2261,667171260800061440,72,186
2262,667165590075940865,972,2382
2263,667160273090932737,50,219
2264,667152164079423490,14627,42320
2265,667138269671505920,1876,4021
2266,667119796878725120,106,286
2267,667090893657276420,106,287
2268,667073648344346624,104,352
2269,667070482143944705,13,72
2270,667065535570550784,40,143
2271,667062181243039745,45,192
2272,667044094246576128,43,163
2273,667012601033924608,187,395
2274,666996132027977728,79,214
2275,666983947667116034,847,2250
2276,666837028449972224,474,701
2277,666835007768551424,66,185
2278,666826780179869698,79,221
2279,666817836334096384,212,444
2280,666804364988780544,79,206
2281,666786068205871104,410,659
2282,666781792255496192,169,327
2283,666776908487630848,150,305
2284,666739327293083650,60,209
2285,666701168228331520,182,371
2286,666691418707132416,42,161
2287,666649482315059201,526,993
2288,666644823164719104,70,208
2289,666454714377183233,180,448
2290,666447344410484738,19,90
2291,666437273139982337,40,106
2292,666435652385423360,42,139
2293,666430724426358785,160,278
2294,666428276349472768,67,139
2295,666421158376562688,92,273
2296,666418789513326592,39,108
2297,666411507551481857,262,372
2298,666407126856765440,30,93
2299,666396247373291520,69,147
2300,666373753744588802,73,163
2301,666362758909284353,471,650
2302,666353288456101888,58,179
2303,666345417576210432,125,246
2304,666337882303524864,79,168
2305,666293911632134144,291,426
2306,666287406224695296,57,123
2307,666273097616637952,68,152
2308,666268910803644416,38,100
2309,666104133288665088,5492,12907
2310,666102155909144576,11,66
2311,666099513787052032,53,134
2312,666094000022159362,63,143
2313,666082916733198337,37,93
2314,666073100786774016,132,274
2315,666071193221509120,51,127
2316,666063827256086533,180,400
2317,666058600524156928,47,99
2318,666057090499244032,112,248
2319,666055525042405380,196,367
2320,666051853826850816,705,1028
2321,666050758794694657,50,115
2322,666049248165822465,37,89
2323,666044226329800704,115,247
2324,666033412701032449,36,100
2325,666029285002620928,39,112
2326,666020888022790149,423,2294
